,X,y
0,100,787
1,384,232
2,952,150
3,339,598
4,406,566
5,578,366
6,217,486
7,468,285
8,405,573
9,336,158
10,139,647
11,399,684
12,694,325
13,623,263
14,118,177
15,886,192
16,998,298
17,330,784
18,139,641
19,116,790
20,613,114
21,408,468
22,501,493
23,301,419
24,421,312
25,798,171
26,804,796
27,776,486
28,946,482
29,732,270
30,817,478
31,419,303
32,369,779
33,240,979
34,626,750
35,239,954
36,217,874
37,687,622
38,201,674
39,928,306
40,192,912
41,947,727
42,272,937
43,238,263
44,194,246
45,754,701
46,122,816
47,398,364
48,305,702
49,506,970
50,233,475
51,623,747
52,279,248
53,314,732
54,739,658
55,379,557
56,408,129
57,229,270
58,590,577
59,490,580
60,211,210
61,552,119
62,520,112
63,551,990
64,859,398
65,840,544
66,509,782
67,493,413
68,913,903
69,814,972
70,315,714
71,805,986
72,636,985
73,870,792
74,642,954
75,517,224
76,462,343
77,306,179
78,527,862
79,483,348
80,135,248
81,482,814
82,907,881
83,139,366
84,606,150
85,680,750
86,269,725
87,114,842
88,589,643
89,262,109
90,500,678
91,406,427
92,330,413
93,976,221
94,511,769
95,222,768
96,328,903
97,731,360
98,169,623
99,221,709
100,135,113
101,683,271
102,103,816
103,834,998
104,718,108
105,791,405
106,921,324
107,853,445
108,194,595
109,782,463
110,743,873
111,966,933
112,184,523
113,281,762
114,333,497
115,822,755
116,311,745
117,419,749
118,427,570
119,232,509
120,996,470
121,732,912
122,159,965
123,859,368
124,477,221
125,560,923
126,984,463
127,929,534
128,980,654
129,654,125
130,970,667
131,680,876
132,676,722
133,828,946
134,941,771
135,141,532
136,987,590
137,880,752
138,596,127
139,697,956
140,265,463
141,249,820
142,785,613
143,629,742
144,656,956
145,611,101
146,299,908
147,772,624
148,978,854
149,834,231
150,449,627
151,806,261
152,238,200
153,978,415
154,721,875
155,223,815
156,720,383
157,933,950
158,274,556
159,871,117
160,947,132
161,145,304
162,236,375
163,264,871
164,385,231
165,681,412
166,424,853
167,916,902
168,361,740
169,539,665
170,132,469
171,638,497
172,231,393
173,920,938
174,156,465
175,682,363
176,238,788
177,402,945
178,584,846
179,737,107
180,791,482
181,580,781
182,445,178
183,342,714
184,796,572
185,539,619
186,742,500
187,103,984
188,381,218
189,752,861
190,932,287
191,612,645
192,872,550
193,478,652
194,884,415
195,797,751
196,289,298
197,782,137
198,209,929
199,940,258
200,579,454
201,776,305
202,337,699
203,997,482
204,631,184
205,457,874
206,446,993
207,207,467
208,617,187
209,718,990
210,926,778
211,642,601
212,793,409
213,607,193
214,732,935
215,743,257
216,732,944
217,362,769
218,808,468
219,464,507
220,651,779
221,992,944
222,224,574
223,328,728
224,286,965
225,616,919
226,466,361
227,531,492
228,669,132
229,272,670
230,525,942
231,534,501
232,104,491
233,856,725
234,472,724
235,868,407
236,542,346
237,960,494
238,211,157
239,225,254
240,133,591
241,743,517
242,275,283
243,720,556
244,922,397
245,460,822
246,582,747
247,269,209
248,302,924
249,284,285
250,140,844
251,499,533
252,777,994
253,465,771
254,345,867
255,305,234
256,919,699
257,451,343
258,211,629
259,821,834
260,228,994
261,746,987
262,965,503
263,733,590
264,104,823
265,550,735
266,311,889
267,102,854
268,639,366
269,345,835
270,190,876
271,385,753
272,676,337
273,567,348
274,951,805
275,834,974
276,632,197
277,469,960
278,772,851
279,840,786
280,691,422
281,941,598
282,476,962
283,265,873
284,972,802
285,775,356
286,564,968
287,876,658
288,978,974
289,214,829
290,224,819
291,645,405
292,966,925
293,227,404
294,351,531
295,264,239
296,801,542
297,475,309
298,998,804
299,747,261
300,886,358
301,449,249
302,363,521
303,905,416
304,726,108
305,147,693
306,498,241
307,761,626
308,634,287
309,621,142
310,181,113
311,523,510
312,606,595
313,923,930
314,593,663
315,973,360
316,559,877
317,114,881
318,981,176
319,359,504
320,539,106
321,654,505
322,140,781
323,631,592
324,113,648
325,690,716
326,781,822
327,260,325
328,600,347
329,356,240
330,693,778
331,518,459
332,889,574
333,920,644
334,229,943
335,207,747
336,904,371
337,276,587
338,819,841
339,586,938
340,370,288
341,250,141
342,332,780
343,628,494
344,423,127
345,918,880
346,232,640
347,233,778
348,100,270
349,504,343
350,745,512
351,617,956
352,856,760
353,727,226
354,987,346
355,691,949
356,626,417
357,376,788
358,531,338
359,743,828
360,258,939
361,175,182
362,710,409
363,461,826
364,356,243
365,673,691
366,884,170
367,134,730
368,900,668
369,432,604
370,595,242
371,411,855
372,245,321
373,841,324
374,294,852
375,826,524
376,678,340
377,898,318
378,364,829
379,484,362
380,189,427
381,515,658
382,884,762
383,297,960
384,334,909
385,116,575
386,996,434
387,285,285
388,785,125
389,393,252
390,898,965
391,182,648
392,635,256
393,753,670
394,467,698
395,215,912
396,605,484
397,149,162
398,701,784
399,763,852
400,658,628
401,138,300
402,115,167
403,153,853
404,241,224
405,477,217
406,914,251
407,203,872
408,729,476
409,372,624
410,151,815
411,983,738
412,981,626
413,368,797
414,694,267
415,662,876
416,189,447
417,600,443
418,915,852
419,263,165
420,597,199
421,737,956
422,430,512
423,943,365
424,129,590
425,669,189
426,936,194
427,352,395
428,298,916
429,986,952
430,740,231
431,170,268
432,749,744
433,902,629
434,802,579
435,463,277
436,661,129
437,488,221
438,353,228
439,926,725
440,324,552
441,921,585
442,122,284
443,596,145
444,246,171
445,540,328
446,428,483
447,723,166
448,936,816
449,536,987
450,556,656
451,598,717
452,681,656
453,929,562
454,377,311
455,531,549
456,699,549
457,818,753
458,545,429
459,991,292
460,953,461
461,321,807
462,662,381
463,242,842
464,216,705
465,579,327
466,350,388
467,252,305
468,619,916
469,608,979
470,398,109
471,848,889
472,301,881
473,525,846
474,404,626
475,106,108
476,616,517
477,440,500
478,624,143
479,283,416
480,158,972
481,513,969
482,252,896
483,699,240
484,929,608
485,219,664
486,311,813
487,164,816
488,807,807
489,295,894
490,334,381
491,727,513
492,811,609
493,987,675
494,174,792
495,898,116
496,582,982
497,251,270
498,827,241
499,589,382
500,311,599
501,966,675
502,482,534
503,564,480
504,781,516
505,852,355
506,769,892
507,125,785
508,230,851
509,265,431
510,145,874
511,521,929
512,402,863
513,599,766
514,709,269
515,350,795
516,257,391
517,317,494
518,211,435
519,736,736
520,609,710
521,173,189
522,299,957
523,706,730
524,832,803
525,871,476
526,676,953
527,294,475
528,308,402
529,875,256
530,921,608
531,719,610
532,469,332
533,419,436
534,154,708
535,791,677
536,362,942
537,723,437
538,155,457
539,801,935
540,417,831
541,428,318
542,810,544
543,467,522
544,484,837
545,271,816
546,473,611
547,491,124
548,379,311
549,647,902
550,133,739
551,194,788
552,814,313
553,290,951
554,842,688
555,437,919
556,269,496
557,246,418
558,765,831
559,617,526
560,653,431
561,530,773
562,388,504
563,934,440
564,957,724
565,111,595
566,902,674
567,605,627
568,983,814
569,337,650
570,288,219
571,659,593
572,256,315
573,167,373
574,890,455
575,355,729
576,586,936
577,104,125
578,217,936
579,800,310
580,315,757
581,918,802
582,402,421
583,533,925
584,970,559
585,613,887
586,165,866
587,930,539
588,246,551
589,833,132
590,764,130
591,239,171
592,826,129
593,392,574
594,841,695
595,100,161
596,279,814
597,744,690
598,378,749
599,307,239
600,233,533
601,134,282
602,577,137
603,919,863
604,335,654
605,372,825
606,105,568
607,135,348
608,442,822
609,735,776
610,434,597
611,769,675
612,154,388
613,910,743
614,390,464
615,430,120
616,966,891
617,974,613
618,256,129
619,500,790
620,228,170
621,853,555
622,748,326
623,920,441
624,402,418
625,208,350
626,863,625
627,310,225
628,773,125
629,591,229
630,227,524
631,697,634
632,852,931
633,242,257
634,751,952
635,902,678
636,210,503
637,637,645
638,325,178
639,656,622
640,346,256
641,108,609
642,531,184
643,307,418
644,778,938
645,794,948
646,573,119
647,445,210
648,555,988
649,329,431
650,675,622
651,774,148
652,853,176
653,166,835
654,164,284
655,342,382
656,398,520
657,218,237
658,682,760
659,597,304
660,644,311
661,162,220
662,937,437
663,607,789
664,512,842
665,148,608
666,868,936
667,945,292
668,876,427
669,398,742
670,299,986
671,824,219
672,239,450
673,981,165
674,376,301
675,370,761
676,572,545
677,645,908
678,556,747
679,195,150
680,494,198
681,333,910
682,414,758
683,414,194
684,218,227
685,629,665
686,159,666
687,214,577
688,906,141
689,497,288
690,711,329
691,601,945
692,749,604
693,207,978
694,471,965
695,772,270
696,331,553
697,790,622
698,670,863
699,955,587
700,533,750
701,304,108
702,947,127
703,810,166
704,100,942
705,335,427
706,760,795
707,377,415
708,337,238
709,288,426
710,846,686
711,843,602
712,535,543
713,209,776
714,126,154
715,119,501
716,187,523
717,117,570
718,440,776
719,321,413
720,716,367
721,840,149
722,512,710
723,315,796
724,446,457
725,467,820
726,185,684
727,965,262
728,161,546
729,920,688
730,974,466
731,219,891
732,357,186
733,579,237
734,657,490
735,341,475
736,946,332
737,971,942
738,198,615
739,615,226
740,512,543
741,617,218
742,302,176
743,893,755
744,678,812
745,376,708
746,377,865
747,245,156
748,832,511
749,398,293
750,676,525
751,576,713
752,556,503
753,695,865
754,942,783
755,877,347
756,522,252
757,837,326
758,836,204
759,291,217
760,261,447
761,802,631
762,879,742
763,581,597
764,527,864
765,661,152
766,819,869
767,811,989
768,228,256
769,704,267
770,673,851
771,223,341
772,736,380
773,743,722
774,694,602
775,258,720
776,762,571
777,277,196
778,511,160
779,574,493
780,803,316
781,990,204
782,339,745
783,899,751
784,469,150
785,202,772
786,282,934
787,350,710
788,929,542
789,565,394
790,755,718
791,323,784
792,880,386
793,439,508
794,428,310
795,494,685
796,691,123
797,799,110
798,698,809
799,253,430
800,738,823
801,294,322
802,476,800
803,490,854
804,522,207
805,578,555
806,210,457
807,178,181
808,990,806
809,836,600
810,128,317
811,923,629
812,252,491
813,632,772
814,183,156
815,574,558
816,286,187
817,288,278
818,592,589
819,868,625
820,303,218
821,391,790
822,375,201
823,840,733
824,374,751
825,593,264
826,707,751
827,348,310
828,900,260
829,635,879
830,910,410
831,416,927
832,133,960
833,871,354
834,705,489
835,778,157
836,939,178
837,291,149
838,472,583
839,493,426
840,403,841
841,403,683
842,462,314
843,858,972
844,549,111
845,231,275
846,279,892
847,377,311
848,688,269
849,778,493
850,877,145
851,211,200
852,509,490
853,922,903
854,597,592
855,890,459
856,920,112
857,433,309
858,440,528
859,861,410
860,499,799
861,201,596
862,215,990
863,849,399
864,415,217
865,947,840
866,383,619
867,677,307
868,771,131
869,285,721
870,738,653
871,889,527
872,631,560
873,632,137
874,960,819
875,176,233
876,497,895
877,506,134
878,811,280
879,260,729
880,406,290
881,581,373
882,831,585
883,384,803
884,331,624
885,843,288
886,783,199
887,141,784
888,575,384
889,192,804
890,910,321
891,228,909
892,317,933
893,621,656
894,328,522
895,577,769
896,979,858
897,467,353
898,310,449
899,368,698
900,512,950
901,574,770
902,566,864
903,116,260
904,627,987
905,311,269
906,212,781
907,712,965
908,280,166
909,157,607
910,762,643
911,836,254
912,957,341
913,504,971
914,538,571
915,643,849
916,975,846
917,751,424
918,777,310
919,541,588
920,980,614
921,925,997
922,369,587
923,488,145
924,958,639
925,910,850
926,516,664
927,583,908
928,587,785
929,982,128
930,590,665
931,957,961
932,219,521
933,866,681
934,495,275
935,756,758
936,880,883
937,165,522
938,216,526
939,937,659
940,951,947
941,596,394
942,994,928
943,134,978
944,257,807
945,620,103
946,642,259
947,851,602
948,396,311
949,763,445
950,998,924
951,974,740
952,305,176
953,185,458
954,994,271
955,383,290
956,945,611
957,535,975
958,598,503
959,286,899
960,503,971
961,436,372
962,824,559
963,596,454
964,439,960
965,419,759
966,799,382
967,452,624
968,553,416
969,109,124
970,775,530
971,230,853
972,560,532
973,767,904
974,547,147
975,685,994
976,150,618
977,868,447
978,441,327
979,547,153
980,388,955
981,482,667
982,326,822
983,757,834
984,596,744
985,163,948
986,855,116
987,673,701
988,886,751
989,933,204
990,370,763
991,811,652
992,801,624
993,929,549
994,565,786
995,269,730
996,495,770
997,397,353
998,231,842
999,740,901
1000,575,239
1001,187,687
1002,941,413
1003,134,997
1004,257,406
1005,776,473
1006,629,971
1007,308,909
1008,860,105
1009,610,634
1010,806,355
1011,987,454
1012,227,938
1013,577,510
1014,864,571
1015,189,674
1016,817,619
1017,227,913
1018,507,853
1019,769,982
1020,716,944
1021,949,799
1022,260,879
1023,259,574
1024,519,634
1025,424,226
1026,452,874
1027,220,938
1028,530,821
1029,554,362
1030,580,376
1031,646,175
1032,400,137
1033,248,131
1034,103,622
1035,213,954
1036,826,225
1037,700,850
1038,644,347
1039,734,743
1040,768,196
1041,765,183
1042,277,572
1043,576,713
1044,291,942
1045,226,333
1046,976,110
1047,364,599
1048,474,736
1049,815,308
1050,980,171
1051,543,120
1052,731,506
1053,752,410
1054,392,980
1055,939,553
1056,488,190
1057,795,266
1058,200,464
1059,470,412
1060,832,538
1061,200,632
1062,172,943
1063,927,215
1064,405,625
1065,859,985
1066,768,292
1067,554,854
1068,302,867
1069,107,883
1070,132,117
1071,486,850
1072,537,291
1073,557,860
1074,119,921
1075,484,617
1076,902,476
1077,372,215
1078,456,979
1079,244,763
1080,812,450
1081,611,809
1082,853,220
1083,404,666
1084,267,354
1085,273,390
1086,949,567
1087,389,216
1088,331,556
1089,753,641
1090,192,352
1091,856,903
1092,188,521
1093,266,429
1094,573,653
1095,964,606
1096,826,786
1097,969,913
1098,709,880
1099,713,131
1100,246,924
1101,640,801
1102,407,941
1103,446,543
1104,703,843
1105,432,853
1106,397,362
1107,400,128
1108,969,671
1109,175,749
1110,910,166
1111,584,771
1112,340,957
1113,816,108
1114,833,504
1115,547,575
1116,947,269
1117,681,524
1118,841,514
1119,766,628
1120,561,795
1121,790,943
1122,418,448
1123,374,894
1124,730,574
1125,436,135
1126,941,161
1127,950,665
1128,549,869
1129,199,134
1130,613,564
1131,775,543
1132,353,719
1133,491,403
1134,574,740
1135,641,275
1136,244,150
1137,279,673
1138,593,785
1139,215,490
1140,239,239
1141,145,805
1142,303,409
1143,643,729
1144,126,944
1145,646,581
1146,988,287
1147,125,841
1148,678,324
1149,983,151
1150,693,205
1151,855,892
1152,450,635
1153,772,464
1154,154,225
1155,217,195
1156,534,705
1157,365,245
1158,291,650
1159,893,723
1160,658,260
1161,715,674
1162,270,601
1163,206,928
1164,350,932
1165,755,858
1166,919,450
1167,817,111
1168,296,973
1169,779,184
1170,907,788
1171,240,137
1172,406,268
1173,875,226
1174,685,369
1175,378,592
1176,549,785
1177,127,757
1178,256,526
1179,301,403
1180,725,123
1181,110,343
1182,494,827
1183,102,932
1184,915,468
1185,137,897
1186,951,366
1187,116,149
1188,333,641
1189,637,201
1190,448,212
1191,123,604
1192,686,242
1193,766,158
1194,128,131
1195,189,335
1196,626,682
1197,396,859
1198,126,267
1199,450,495
1200,964,692
1201,880,187
1202,656,578
1203,809,349
1204,253,962
1205,294,892
1206,574,146
1207,756,732
1208,619,794
1209,932,525
1210,131,775
1211,589,479
1212,439,801
1213,948,542
1214,258,907
1215,333,260
1216,826,519
1217,271,867
1218,503,108
1219,922,485
1220,637,513
1221,376,242
1222,451,623
1223,302,945
1224,394,825
1225,191,359
1226,695,173
1227,404,622
1228,691,268
1229,238,585
1230,222,583
1231,230,801
1232,196,466
1233,527,265
1234,509,999
1235,978,221
1236,340,952
1237,727,702
1238,946,579
1239,910,520
1240,283,869
1241,920,484
1242,130,312
1243,165,994
1244,894,269
1245,556,529
1246,701,982
1247,222,105
1248,338,123
1249,244,413
1250,961,734
1251,341,659
1252,105,548
1253,374,525
1254,204,351
1255,642,110
1256,312,991
1257,827,703
1258,800,690
1259,706,729
1260,551,301
1261,470,581
1262,225,335
1263,823,813
1264,956,686
1265,803,487
1266,935,235
1267,487,506
1268,806,408
1269,364,521
1270,745,605
1271,263,848
1272,927,598
1273,150,485
1274,739,676
1275,438,805
1276,717,216
1277,812,223
1278,674,637
1279,505,829
1280,433,246
1281,951,449
1282,237,157
1283,695,848
1284,868,866
1285,701,231
1286,129,125
1287,235,737
1288,318,794
1289,440,298
1290,798,647
1291,933,164
1292,565,898
1293,939,654
1294,612,107
1295,329,835
1296,341,983
1297,778,270
1298,668,422
1299,692,164
1300,979,473
1301,195,856
1302,884,838
1303,740,121
1304,510,466
1305,764,241
1306,745,534
1307,379,267
1308,450,578
1309,116,710
1310,981,485
1311,863,743
1312,697,187
1313,322,481
1314,811,886
1315,369,113
1316,472,234
1317,889,180
1318,255,690
1319,422,283
1320,785,337
1321,146,827
1322,279,519
1323,918,179
1324,671,441
1325,393,971
1326,363,326
1327,273,761
1328,739,469
1329,332,513
1330,625,996
1331,393,155
1332,977,545
1333,678,115
1334,694,815
1335,518,799
1336,833,261
1337,708,498
1338,667,874
1339,932,606
1340,648,103
1341,163,169
1342,422,518
1343,586,178
1344,627,726
1345,213,633
1346,145,985
1347,374,881
1348,203,726
1349,478,885
1350,386,264
1351,332,948
1352,833,953
1353,983,459
1354,184,512
1355,113,190
1356,248,444
1357,572,397
1358,131,823
1359,112,679
1360,512,175
1361,675,862
1362,845,445
1363,111,146
1364,199,636
1365,553,155
1366,140,401
1367,199,424
1368,760,770
1369,438,385
1370,900,594
1371,218,131
1372,246,400
1373,458,824
1374,699,853
1375,321,988
1376,459,545
1377,278,152
1378,980,520
1379,640,681
1380,995,593
1381,887,873
1382,672,595
1383,791,297
1384,640,669
1385,162,258
1386,704,392
1387,784,338
1388,533,413
1389,635,182
1390,977,237
1391,383,703
1392,683,122
1393,250,634
1394,107,405
1395,335,503
1396,423,142
1397,243,386
1398,745,894
1399,402,689
1400,214,990
1401,815,420
1402,607,396
1403,337,873
1404,350,846
1405,354,195
1406,188,278
1407,521,947
1408,170,644
1409,376,636
1410,593,134
1411,530,608
1412,146,803
1413,449,635
1414,254,747
1415,192,749
1416,303,378
1417,805,486
1418,958,382
1419,336,870
1420,191,789
1421,726,100
1422,129,729
1423,239,544
1424,892,347
1425,843,699
1426,782,994
1427,404,993
1428,799,438
1429,462,812
1430,339,793
1431,195,922
1432,928,706
1433,151,224
1434,692,982
1435,545,542
1436,463,964
1437,297,415
1438,549,314
1439,694,588
1440,914,691
1441,766,659
1442,112,138
1443,611,633
1444,898,898
1445,590,108
1446,654,975
1447,796,750
1448,612,550
1449,767,886
1450,115,373
1451,562,108
1452,242,186
1453,594,405
1454,989,960
1455,999,202
1456,525,377
1457,382,786
1458,335,977
1459,713,475
1460,306,790
1461,977,511
1462,683,479
1463,399,171
1464,424,345
1465,391,677
1466,639,741
1467,472,347
1468,997,772
1469,578,940
1470,936,283
1471,289,149
1472,265,992
1473,796,114
1474,919,287
1475,690,639
1476,181,396
1477,838,749
1478,576,425
1479,449,353
1480,102,185
1481,342,565
1482,889,766
1483,118,306
1484,450,437
1485,863,346
1486,991,701
1487,313,146
1488,445,807
1489,120,247
1490,504,423
1491,481,680
1492,872,417
1493,300,873
1494,749,871
1495,234,672
1496,541,505
1497,975,573
1498,812,787
1499,800,524
1500,233,719
1501,119,304
1502,803,297
1503,880,467
1504,382,608
1505,572,214
1506,466,318
1507,683,680
1508,511,367
1509,760,567
1510,327,166
1511,611,384
1512,664,392
1513,309,156
1514,162,816
1515,432,796
1516,472,524
1517,874,935
1518,890,443
1519,278,160
1520,375,701
1521,265,345
1522,426,231
1523,422,237
1524,757,417
1525,168,429
1526,378,353
1527,908,867
1528,844,911
1529,677,373
1530,901,156
1531,672,914
1532,169,780
1533,497,964
1534,463,348
1535,690,276
1536,938,737
1537,885,612
1538,961,804
1539,157,758
1540,803,115
1541,443,327
1542,321,831
1543,928,930
1544,898,456
1545,839,309
1546,370,106
1547,880,212
1548,528,113
1549,229,578
1550,925,778
1551,304,630
1552,496,346
1553,121,653
1554,830,526
1555,222,677
1556,787,903
1557,669,370
1558,321,408
1559,705,223
1560,316,243
1561,271,229
1562,359,520
1563,923,995
1564,725,252
1565,327,686
1566,118,389
1567,433,691
1568,766,554
1569,735,674
1570,841,495
1571,392,263
1572,177,571
1573,289,967
1574,753,649
1575,380,125
1576,360,651
1577,627,569
1578,303,557
1579,167,258
1580,408,719
1581,152,759
1582,869,964
1583,541,809
1584,687,705
1585,314,796
1586,666,553
1587,981,667
1588,516,795
1589,334,245
1590,673,821
1591,720,502
1592,229,516
1593,201,128
1594,852,995
1595,744,627
1596,694,388
1597,206,261
1598,663,751
1599,851,466
1600,271,547
1601,203,677
1602,804,210
1603,538,470
1604,902,122
1605,793,519
1606,675,403
1607,667,286
1608,370,918
1609,573,735
1610,565,435
1611,694,752
1612,603,244
1613,453,659
1614,200,243
1615,899,100
1616,325,691
1617,839,529
1618,720,806
1619,888,822
1620,929,358
1621,653,510
1622,455,235
1623,538,590
1624,567,913
1625,487,334
1626,373,668
1627,848,929
1628,916,332
1629,627,994
1630,427,173
1631,817,696
1632,986,125
1633,192,249
1634,513,889
1635,806,670
1636,473,823
1637,154,259
1638,349,323
1639,249,571
1640,288,473
1641,820,402
1642,578,392
1643,431,524
1644,425,197
1645,608,629
1646,949,254
1647,963,711
1648,871,913
1649,248,715
1650,594,576
1651,792,136
1652,612,984
1653,528,721
1654,328,506
1655,718,144
1656,373,872
1657,581,875
1658,302,560
1659,104,890
1660,238,884
1661,988,104
1662,888,741
1663,657,799
1664,568,835
1665,132,996
1666,288,162
1667,680,951
1668,533,583
1669,936,584
1670,943,601
1671,229,181
1672,709,963
1673,752,151
1674,116,136
1675,482,956
1676,565,530
1677,174,570
1678,158,742
1679,338,510
1680,884,109
1681,250,150
1682,501,426
1683,695,405
1684,925,591
1685,325,306
1686,430,653
1687,665,336
1688,417,720
1689,272,521
1690,999,837
1691,930,264
1692,526,400
1693,653,886
1694,842,787
1695,209,483
1696,440,263
1697,905,276
1698,672,556
1699,660,813
1700,231,548
1701,277,258
1702,811,473
1703,899,874
1704,499,875
1705,443,782
1706,114,662
1707,175,285
1708,760,810
1709,589,339
1710,122,745
1711,290,875
1712,355,900
1713,897,878
1714,271,363
1715,249,406
1716,139,783
1717,517,605
1718,420,816
1719,675,463
1720,625,419
1721,233,947
1722,633,674
1723,950,965
1724,835,563
1725,291,480
1726,422,601
1727,233,351
1728,509,307
1729,988,578
1730,556,424
1731,400,139
1732,759,242
1733,467,806
1734,556,118
1735,486,672
1736,812,647
1737,401,707
1738,469,844
1739,348,783
1740,219,170
1741,905,331
1742,621,248
1743,507,113
1744,633,287
1745,404,931
1746,790,598
1747,489,641
1748,606,601
1749,375,323
1750,834,185
1751,268,756
1752,195,266
1753,476,124
1754,554,484
1755,680,687
1756,229,885
1757,754,740
1758,798,290
1759,888,785
1760,839,270
1761,434,613
1762,828,377
1763,905,144
1764,546,882
1765,386,993
1766,544,388
1767,850,190
1768,881,705
1769,474,880
1770,867,918
1771,756,390
1772,147,399
1773,747,295
1774,105,575
1775,104,764
1776,966,756
1777,757,487
1778,122,931
1779,874,599
1780,775,202
1781,925,279
1782,530,903
1783,613,590
1784,309,852
1785,818,660
1786,170,147
1787,541,105
1788,207,312
1789,992,795
1790,668,427
1791,474,875
1792,422,251
1793,771,644
1794,312,235
1795,657,900
1796,697,716
1797,914,490
1798,998,209
1799,236,766
1800,726,930
1801,577,656
1802,455,821
1803,401,776
1804,918,594
1805,714,878
1806,901,251
1807,690,171
1808,480,830
1809,363,833
1810,829,558
1811,885,501
1812,358,857
1813,656,108
1814,675,665
1815,794,308
1816,148,868
1817,440,460
1818,297,265
1819,965,121
1820,356,757
1821,711,711
1822,926,738
1823,100,385
1824,684,805
1825,422,576
1826,870,617
1827,196,133
1828,128,182
1829,539,975
1830,199,576
1831,597,453
1832,592,911
1833,955,205
1834,475,782
1835,582,911
1836,780,503
1837,354,203
1838,677,289
1839,285,206
1840,748,391
1841,244,204
1842,185,201
1843,654,768
1844,717,443
1845,921,199
1846,482,984
1847,986,206
1848,478,935
1849,799,684
1850,880,340
1851,370,308
1852,691,516
1853,999,487
1854,382,266
1855,744,831
1856,279,930
1857,977,469
1858,842,817
1859,992,574
1860,393,543
1861,911,945
1862,692,633
1863,463,170
1864,123,158
1865,895,408
1866,436,280
1867,123,264
1868,449,131
1869,483,231
1870,891,400
1871,100,486
1872,263,247
1873,108,969
1874,466,383
1875,784,354
1876,492,253
1877,695,667
1878,870,499
1879,918,295
1880,327,702
1881,960,981
1882,606,247
1883,732,373
1884,170,572
1885,651,649
1886,930,972
1887,650,582
1888,155,926
1889,503,809
1890,379,772
1891,884,992
1892,369,904
1893,318,203
1894,523,591
1895,727,306
1896,800,601
1897,363,363
1898,742,991
1899,943,557
1900,115,117
1901,410,350
1902,197,826
1903,212,186
1904,424,611
1905,616,165
1906,628,154
1907,921,227
1908,301,824
1909,908,999
1910,129,549
1911,590,400
1912,205,679
1913,336,911
1914,911,511
1915,711,229
1916,284,103
1917,584,932
1918,702,963
1919,264,205
1920,769,263
1921,119,887
1922,600,633
1923,310,163
1924,152,157
1925,131,540
1926,601,219
1927,405,506
1928,735,313
1929,275,322
1930,293,558
1931,247,198
1932,934,872
1933,409,507
1934,483,392
1935,741,792
1936,365,721
1937,208,834
1938,979,743
1939,229,452
1940,301,868
1941,280,963
1942,569,267
1943,873,230
1944,951,321
1945,985,995
1946,519,897
1947,207,795
1948,889,970
1949,104,373
1950,655,983
1951,955,841
1952,690,306
1953,207,644
1954,743,431
1955,479,730
1956,266,541
1957,530,822
1958,325,295
1959,414,906
1960,399,775
1961,700,296
1962,537,140
1963,568,451
1964,118,661
1965,122,409
1966,202,999
1967,774,965
1968,570,771
1969,334,791
1970,265,501
1971,605,764
1972,949,956
1973,324,361
1974,784,602
1975,216,182
1976,134,603
1977,176,360
1978,114,876
1979,586,964
1980,143,664
1981,773,849
1982,116,417
1983,724,688
1984,413,613
1985,179,683
1986,355,116
1987,765,970
1988,680,317
1989,454,370
1990,903,894
1991,790,104
1992,437,233
1993,468,813
1994,179,901
1995,414,176
1996,251,528
1997,727,587
1998,943,873
1999,788,444
2000,903,679
2001,613,944
2002,969,559
2003,580,540
2004,798,106
2005,819,798
2006,937,980
2007,912,836
2008,700,244
2009,912,106
2010,814,215
2011,295,977
2012,474,887
2013,356,643
2014,778,282
2015,479,262
2016,975,887
2017,505,793
2018,648,536
2019,340,294
2020,444,397
2021,216,381
2022,644,244
2023,352,967
2024,643,830
2025,209,981
2026,698,603
2027,623,344
2028,233,443
2029,603,298
2030,113,730
2031,472,914
2032,418,709
2033,319,806
2034,954,918
2035,934,662
2036,857,494
2037,155,195
2038,807,202
2039,102,966
2040,208,539
2041,880,513
2042,128,571
2043,394,973
2044,766,771
2045,271,358
2046,106,516
2047,223,545
2048,120,241
2049,606,811
2050,886,332
2051,717,973
2052,741,441
2053,297,415
2054,259,103
2055,386,123
2056,509,265
2057,719,831
2058,833,197
2059,718,501
2060,180,609
2061,336,151
2062,380,873
2063,913,788
2064,746,696
2065,171,169
2066,646,451
2067,732,322
2068,754,857
2069,375,983
2070,595,283
2071,110,336
2072,814,169
2073,757,636
2074,978,859
2075,714,761
2076,655,150
2077,883,835
2078,160,452
2079,898,264
2080,874,690
2081,474,123
2082,942,229
2083,686,595
2084,470,488
2085,995,402
2086,116,650
2087,494,460
2088,674,655
2089,156,359
2090,289,870
2091,479,317
2092,824,307
2093,825,613
2094,707,711
2095,881,106
2096,357,671
2097,883,877
2098,797,445
2099,582,739
2100,786,875
2101,518,813
2102,308,785
2103,898,676
2104,832,555
2105,878,333
2106,346,944
2107,509,173
2108,145,471
2109,119,895
2110,109,242
2111,704,921
2112,502,382
2113,699,335
2114,251,242
2115,843,455
2116,473,121
2117,643,798
2118,308,451
2119,356,808
2120,753,338
2121,132,499
2122,755,778
2123,697,509
2124,666,435
2125,196,497
2126,673,661
2127,526,976
2128,205,470
2129,662,483
2130,843,127
2131,420,405
2132,592,621
2133,923,712
2134,917,256
2135,581,861
2136,347,419
2137,813,516
2138,534,947
2139,189,473
2140,333,357
2141,776,584
2142,776,912
2143,117,247
2144,309,491
2145,302,600
2146,291,273
2147,117,500
2148,185,802
2149,609,412
2150,392,181
2151,794,651
2152,100,903
2153,767,670
2154,384,556
2155,545,418
2156,729,261
2157,112,962
2158,963,430
2159,407,490
2160,425,640
2161,292,236
2162,201,728
2163,639,393
2164,196,219
2165,787,594
2166,375,523
2167,875,194
2168,261,810
2169,762,869
2170,735,304
2171,531,364
2172,977,727
2173,106,344
2174,625,948
2175,343,818
2176,100,277
2177,310,922
2178,895,938
2179,154,618
2180,957,783
2181,895,262
2182,506,359
2183,909,906
2184,365,886
2185,909,484
2186,490,978
2187,406,241
2188,843,772
2189,912,563
2190,357,105
2191,827,297
2192,402,821
2193,566,246
2194,941,933
2195,637,823
2196,897,188
2197,224,470
2198,752,426
2199,257,343
2200,458,334
2201,840,457
2202,350,238
2203,613,996
2204,237,739
2205,106,898
2206,217,466
2207,433,725
2208,202,377
2209,962,666
2210,292,532
2211,244,881
2212,652,597
2213,856,722
2214,836,579
2215,483,263
2216,780,779
2217,835,335
2218,657,108
2219,999,718
2220,860,302
2221,410,951
2222,577,424
2223,964,609
2224,853,760
2225,472,603
2226,631,827
2227,286,144
2228,173,739
2229,752,769
2230,488,976
2231,942,677
2232,331,159
2233,822,856
2234,627,588
2235,989,561
2236,852,397
2237,826,998
2238,643,870
2239,808,431
2240,189,122
2241,694,310
2242,427,534
2243,254,892
2244,809,257
2245,974,713
2246,577,102
2247,245,251
2248,113,377
2249,429,336
2250,628,705
2251,481,759
2252,817,861
2253,694,592
2254,407,150
2255,136,263
2256,437,336
2257,588,863
2258,930,797
2259,156,697
2260,338,434
2261,257,348
2262,570,931
2263,571,406
2264,996,908
2265,725,816
2266,110,486
2267,650,636
2268,557,444
2269,898,567
2270,793,250
2271,648,177
2272,508,339
2273,653,313
2274,785,538
2275,747,361
2276,692,440
2277,491,141
2278,108,866
2279,637,901
2280,429,484
2281,605,278
2282,706,395
2283,328,628
2284,455,125
2285,303,263
2286,381,737
2287,122,421
2288,441,969
2289,703,178
2290,158,223
2291,855,518
2292,591,521
2293,829,423
2294,479,970
2295,338,184
2296,660,656
2297,346,886
2298,975,686
2299,206,227
2300,819,492
2301,711,619
2302,576,200
2303,256,803
2304,165,241
2305,647,469
2306,992,324
2307,292,576
2308,366,691
2309,759,462
2310,743,568
2311,161,354
2312,556,658
2313,154,278
2314,466,370
2315,932,267
2316,287,283
2317,246,624
2318,691,274
2319,426,444
2320,390,165
2321,379,245
2322,359,653
2323,275,404
2324,566,887
2325,721,455
2326,520,805
2327,766,992
2328,973,435
2329,742,689
2330,479,957
2331,269,570
2332,668,623
2333,252,184
2334,646,478
2335,206,328
2336,606,146
2337,548,887
2338,556,444
2339,910,713
2340,741,881
2341,577,437
2342,893,336
2343,495,648
2344,369,374
2345,331,551
2346,974,211
2347,903,828
2348,982,295
2349,261,831
2350,575,165
2351,796,359
2352,607,589
2353,193,457
2354,593,653
2355,703,117
2356,736,774
2357,489,244
2358,575,125
2359,959,898
2360,451,646
2361,828,681
2362,437,804
2363,953,830
2364,619,576
2365,512,961
2366,989,463
2367,714,914
2368,407,623
2369,628,642
2370,127,160
2371,298,454
2372,113,210
2373,199,539
2374,509,884
2375,731,501
2376,974,917
2377,812,820
2378,120,603
2379,731,854
2380,783,104
2381,242,438
2382,651,139
2383,528,948
2384,620,691
2385,460,424
2386,312,678
2387,261,260
2388,994,944
2389,892,321
2390,223,123
2391,534,370
2392,753,136
2393,664,384
2394,191,558
2395,327,100
2396,923,339
2397,761,942
2398,250,866
2399,438,523
2400,875,501
2401,595,889
2402,214,168
2403,284,156
2404,738,264
2405,846,199
2406,147,714
2407,275,881
2408,759,491
2409,247,326
2410,776,354
2411,376,971
2412,395,711
2413,867,380
2414,481,372
2415,413,599
2416,988,815
2417,267,996
2418,454,712
2419,667,103
2420,621,839
2421,884,949
2422,853,844
2423,266,367
2424,904,275
2425,868,791
2426,328,602
2427,626,649
2428,692,342
2429,469,121
2430,619,529
2431,584,518
2432,599,352
2433,460,747
2434,313,572
2435,483,166
2436,169,636
2437,292,315
2438,459,509
2439,911,776
2440,969,236
2441,811,686
2442,915,868
2443,467,143
2444,912,544
2445,802,342
2446,594,306
2447,882,358
2448,282,960
2449,270,678
2450,549,549
2451,403,204
2452,766,283
2453,341,350
2454,829,552
2455,171,509
2456,805,226
2457,353,715
2458,389,584
2459,464,110
2460,939,473
2461,713,817
2462,741,443
2463,904,669
2464,685,151
2465,605,970
2466,773,799
2467,260,807
2468,976,343
2469,282,451
2470,540,997
2471,262,680
2472,338,369
2473,497,497
2474,125,999
2475,590,985
2476,215,275
2477,767,288
2478,881,596
2479,472,793
2480,688,565
2481,278,669
2482,361,870
2483,921,555
2484,554,613
2485,326,805
2486,949,101
2487,163,672
2488,776,848
2489,471,135
2490,357,990
2491,691,915
2492,762,422
2493,144,266
2494,982,339
2495,616,617
2496,334,553
2497,659,230
2498,303,912
2499,813,527
2500,329,279
2501,519,529
2502,184,928
2503,663,485
2504,499,185
2505,229,250
2506,679,164
2507,342,197
2508,904,687
2509,950,561
2510,726,118
2511,202,191
2512,784,468
2513,618,438
2514,541,364
2515,564,235
2516,550,953
2517,593,910
2518,705,815
2519,931,763
2520,759,555
2521,693,107
2522,462,833
2523,809,671
2524,261,402
2525,392,321
2526,740,966
2527,863,450
2528,175,956
2529,278,335
2530,286,582
2531,535,295
2532,619,362
2533,112,971
2534,237,756
2535,605,573
2536,949,461
2537,986,493
2538,808,477
2539,756,654
2540,587,244
2541,855,774
2542,954,874
2543,380,170
2544,475,657
2545,693,111
2546,284,889
2547,168,387
2548,336,109
2549,455,952
2550,736,383
2551,872,399
2552,172,925
2553,728,614
2554,202,315
2555,103,987
2556,576,262
2557,215,777
2558,704,277
2559,620,862
2560,433,593
2561,564,609
2562,351,554
2563,746,725
2564,127,244
2565,698,401
2566,766,990
2567,701,202
2568,894,422
2569,726,392
2570,265,274
2571,386,791
2572,582,479
2573,429,213
2574,156,461
2575,347,660
2576,178,628
2577,953,589
2578,801,537
2579,828,172
2580,857,174
2581,247,937
2582,663,848
2583,511,164
2584,107,549
2585,681,626
2586,522,778
2587,290,581
2588,177,667
2589,189,513
2590,200,792
2591,164,633
2592,675,247
2593,115,167
2594,284,971
2595,712,921
2596,333,103
2597,494,474
2598,576,610
2599,438,733
2600,585,297
2601,147,798
2602,140,260
2603,812,245
2604,841,469
2605,529,336
2606,612,682
2607,759,871
2608,362,760
2609,710,624
2610,409,525
2611,602,632
2612,249,386
2613,710,852
2614,612,743
2615,956,379
2616,982,493
2617,100,351
2618,626,174
2619,982,892
2620,328,231
2621,918,792
2622,686,137
2623,798,888
2624,662,926
2625,596,930
2626,869,873
2627,352,979
2628,266,244
2629,148,645
2630,247,537
2631,602,142
2632,715,494
2633,443,831
2634,127,538
2635,155,685
2636,945,612
2637,464,161
2638,456,223
2639,417,666
2640,361,601
2641,395,553
2642,274,715
2643,819,977
2644,833,839
2645,577,933
2646,467,896
2647,303,122
2648,738,471
2649,488,539
2650,356,957
2651,141,964
2652,378,108
2653,881,128
2654,740,763
2655,852,791
2656,894,970
2657,982,328
2658,726,727
2659,450,116
2660,985,989
2661,347,921
2662,365,496
2663,558,685
2664,912,653
2665,843,743
2666,640,559
2667,990,473
2668,933,459
2669,556,906
2670,130,458
2671,392,160
2672,822,722
2673,597,851
2674,461,893
2675,495,601
2676,714,703
2677,906,377
2678,626,190
2679,208,531
2680,660,837
2681,902,757
2682,479,146
2683,512,525
2684,667,686
2685,108,570
2686,484,255
2687,337,466
2688,339,427
2689,201,495
2690,954,477
2691,366,940
2692,794,947
2693,762,952
2694,824,413
2695,677,472
2696,995,208
2697,230,598
2698,322,926
2699,723,637
2700,854,112
2701,978,913
2702,330,446
2703,332,380
2704,496,188
2705,883,519
2706,211,578
2707,796,257
2708,456,937
2709,547,951
2710,110,398
2711,440,729
2712,694,559
2713,953,498
2714,503,802
2715,695,386
2716,107,939
2717,298,941
2718,420,325
2719,896,329
2720,152,519
2721,784,253
2722,474,880
2723,661,877
2724,166,389
2725,353,229
2726,544,377
2727,580,542
2728,429,273
2729,323,216
2730,170,441
2731,455,162
2732,696,181
2733,939,965
2734,927,531
2735,407,341
2736,979,690
2737,843,484
2738,199,936
2739,223,135
2740,546,614
2741,699,206
2742,100,607
2743,591,697
2744,968,588
2745,558,771
2746,797,598
2747,804,126
2748,241,487
2749,917,500
2750,408,474
2751,752,461
2752,748,456
2753,791,877
2754,816,749
2755,975,149
2756,934,556
2757,708,919
2758,477,716
2759,737,232
2760,763,251
2761,497,460
2762,500,503
2763,425,512
2764,130,421
2765,266,389
2766,428,499
2767,716,712
2768,237,353
2769,376,496
2770,763,685
2771,777,322
2772,386,296
2773,711,192
2774,520,572
2775,840,722
2776,623,549
2777,502,860
2778,817,712
2779,229,378
2780,822,106
2781,460,735
2782,681,374
2783,512,949
2784,857,386
2785,709,968
2786,792,650
2787,599,594
2788,712,218
2789,692,929
2790,911,533
2791,223,498
2792,138,272
2793,474,185
2794,289,255
2795,439,192
2796,355,110
2797,235,493
2798,983,456
2799,476,616
2800,370,780
2801,395,334
2802,221,609
2803,124,599
2804,502,646
2805,490,836
2806,935,767
2807,137,209
2808,505,246
2809,509,621
2810,531,655
2811,467,546
2812,924,318
2813,764,405
2814,122,281
2815,368,237
2816,738,610
2817,380,799
2818,877,135
2819,458,207
2820,623,146
2821,176,821
2822,574,249
2823,316,599
2824,156,254
2825,572,311
2826,473,914
2827,595,939
2828,203,901
2829,348,245
2830,298,466
2831,520,626
2832,921,855
2833,989,110
2834,288,557
2835,665,709
2836,819,976
2837,922,568
2838,286,263
2839,272,166
2840,259,782
2841,209,120
2842,452,148
2843,544,884
2844,697,664
2845,287,326
2846,583,449
2847,134,632
2848,650,329
2849,615,483
2850,696,120
2851,542,597
2852,404,453
2853,154,974
2854,495,769
2855,602,664
2856,147,714
2857,539,769
2858,305,259
2859,963,338
2860,186,562
2861,785,483
2862,743,685
2863,670,745
2864,540,603
2865,830,859
2866,115,805
2867,325,325
2868,525,863
2869,254,275
2870,932,363
2871,913,284
2872,662,868
2873,803,625
2874,673,431
2875,419,401
2876,593,567
2877,683,835
2878,127,143
2879,239,359
2880,291,441
2881,193,751
2882,947,654
2883,301,445
2884,970,445
2885,610,697
2886,402,201
2887,708,149
2888,859,743
2889,846,301
2890,443,910
2891,953,634
2892,586,440
2893,219,152
2894,266,643
2895,436,718
2896,729,910
2897,831,790
2898,125,623
2899,156,354
2900,683,475
2901,698,271
2902,763,636
2903,806,262
2904,444,879
2905,360,206
2906,960,369
2907,243,572
2908,616,186
2909,974,794
2910,712,389
2911,387,429
2912,443,698
2913,110,485
2914,117,656
2915,112,982
2916,791,290
2917,876,309
2918,513,319
2919,566,129
2920,424,213
2921,207,776
2922,749,915
2923,848,375
2924,362,338
2925,164,131
2926,664,743
2927,796,525
2928,798,490
2929,470,745
2930,825,793
2931,757,444
2932,697,485
2933,366,311
2934,451,394
2935,905,545
2936,636,928
2937,629,376
2938,618,623
2939,834,917
2940,608,468
2941,691,581
2942,731,389
2943,631,568
2944,393,287
2945,534,303
2946,713,774
2947,634,538
2948,511,348
2949,269,982
2950,303,380
2951,965,880
2952,368,793
2953,539,352
2954,383,415
2955,482,424
2956,728,268
2957,985,195
2958,434,624
2959,910,130
2960,256,947
2961,612,680
2962,583,890
2963,285,902
2964,702,414
2965,833,901
2966,109,155
2967,883,677
2968,997,578
2969,694,742
2970,982,840
2971,224,329
2972,448,950
2973,571,447
2974,841,824
2975,796,671
2976,813,356
2977,654,776
2978,822,309
2979,317,986
2980,223,472
2981,879,750
2982,985,515
2983,289,684
2984,176,136
2985,223,253
2986,454,263
2987,625,413
2988,250,625
2989,316,306
2990,117,412
2991,465,908
2992,982,167
2993,688,436
2994,613,988
2995,137,198
2996,587,700
2997,798,455
2998,812,483
2999,756,286
3000,744,780
3001,732,634
3002,957,883
3003,447,237
3004,851,199
3005,536,362
3006,318,391
3007,685,334
3008,968,319
3009,423,833
3010,976,697
3011,508,436
3012,186,994
3013,107,376
3014,821,440
3015,972,147
3016,480,183
3017,998,832
3018,286,458
3019,928,589
3020,393,695
3021,136,328
3022,948,207
3023,142,348
3024,132,857
3025,482,381
3026,243,877
3027,128,338
3028,536,211
3029,230,337
3030,343,217
3031,543,632
3032,177,860
3033,111,712
3034,983,750
3035,140,642
3036,248,725
3037,560,832
3038,880,713
3039,804,146
3040,629,722
3041,615,225
3042,947,887
3043,595,742
3044,906,274
3045,178,625
3046,218,483
3047,558,691
3048,337,625
3049,359,783
3050,686,595
3051,275,506
3052,917,556
3053,568,151
3054,231,882
3055,290,252
3056,722,170
3057,101,781
3058,802,324
3059,166,637
3060,490,102
3061,656,663
3062,919,317
3063,513,757
3064,674,175
3065,871,186
3066,112,935
3067,842,964
3068,496,253
3069,153,168
3070,737,835
3071,728,496
3072,742,182
3073,589,449
3074,233,127
3075,249,508
3076,849,532
3077,918,781
3078,523,640
3079,219,302
3080,999,901
3081,182,685
3082,391,521
3083,902,513
3084,101,237
3085,162,279
3086,539,603
3087,327,749
3088,763,866
3089,775,799
3090,794,629
3091,370,211
3092,660,322
3093,856,159
3094,222,418
3095,156,885
3096,629,212
3097,838,847
3098,998,779
3099,674,170
3100,419,451
3101,968,829
3102,168,731
3103,573,286
3104,662,709
3105,848,834
3106,954,574
3107,375,581
3108,179,118
3109,612,420
3110,522,468
3111,316,658
3112,586,391
3113,763,966
3114,126,496
3115,941,682
3116,542,763
3117,665,508
3118,390,617
3119,317,678
3120,233,958
3121,992,911
3122,197,654
3123,824,526
3124,215,131
3125,200,617
3126,896,959
3127,550,468
3128,345,176
3129,468,724
3130,511,411
3131,766,605
3132,299,476
3133,927,130
3134,963,424
3135,673,743
3136,874,356
3137,517,343
3138,120,466
3139,522,842
3140,574,199
3141,861,872
3142,243,321
3143,787,910
3144,657,145
3145,414,101
3146,416,923
3147,192,160
3148,705,714
3149,574,733
3150,662,388
3151,192,864
3152,152,826
3153,452,484
3154,218,583
3155,704,735
3156,735,553
3157,751,856
3158,322,648
3159,348,857
3160,300,687
3161,958,110
3162,994,523
3163,492,994
3164,584,597
3165,856,485
3166,113,499
3167,919,145
3168,287,741
3169,806,266
3170,814,404
3171,685,433
3172,989,524
3173,673,903
3174,705,507
3175,378,510
3176,920,239
3177,858,108
3178,866,120
3179,336,723
3180,634,312
3181,609,325
3182,489,834
3183,428,434
3184,511,994
3185,707,194
3186,463,213
3187,484,630
3188,977,278
3189,890,182
3190,955,242
3191,430,437
3192,704,973
3193,319,311
3194,320,275
3195,604,267
3196,468,860
3197,296,229
3198,164,369
3199,883,661
3200,227,925
3201,914,627
3202,821,743
3203,950,262
3204,765,626
3205,647,901
3206,647,668
3207,144,224
3208,725,103
3209,898,926
3210,667,751
3211,969,398
3212,779,969
3213,512,426
3214,797,531
3215,669,117
3216,934,828
3217,370,608
3218,406,815
3219,111,756
3220,278,309
3221,290,645
3222,409,141
3223,582,461
3224,625,361
3225,936,931
3226,115,289
3227,272,566
3228,216,753
3229,641,829
3230,410,351
3231,500,390
3232,837,567
3233,571,417
3234,675,846
3235,884,835
3236,641,805
3237,944,573
3238,465,613
3239,207,755
3240,904,944
3241,695,384
3242,301,907
3243,655,438
3244,743,403
3245,467,471
3246,257,619
3247,640,515
3248,857,445
3249,572,462
3250,557,721
3251,194,705
3252,715,980
3253,474,794
3254,922,994
3255,607,121
3256,812,920
3257,553,444
3258,775,340
3259,898,521
3260,510,834
3261,324,825
3262,814,316
3263,825,986
3264,415,368
3265,435,646
3266,939,329
3267,855,388
3268,350,325
3269,474,570
3270,441,195
3271,937,438
3272,177,305
3273,880,252
3274,142,529
3275,937,344
3276,761,969
3277,668,588
3278,534,369
3279,403,947
3280,947,681
3281,335,206
3282,569,793
3283,544,617
3284,382,215
3285,625,263
3286,516,551
3287,251,155
3288,884,151
3289,833,425
3290,508,587
3291,288,253
3292,932,507
3293,857,916
3294,857,507
3295,809,221
3296,396,411
3297,236,820
3298,221,268
3299,412,332
3300,701,971
3301,479,547
3302,166,105
3303,430,420
3304,386,891
3305,275,186
3306,417,682
3307,826,489
3308,468,971
3309,977,269
3310,565,197
3311,616,947
3312,911,987
3313,181,279
3314,459,312
3315,900,698
3316,243,147
3317,132,822
3318,816,622
3319,796,724
3320,475,315
3321,969,819
3322,921,360
3323,224,632
3324,201,286
3325,232,960
3326,175,757
3327,286,581
3328,158,541
3329,452,654
3330,229,343
3331,748,107
3332,135,228
3333,717,292
3334,847,296
3335,726,425
3336,259,770
3337,161,879
3338,373,784
3339,338,788
3340,211,689
3341,515,638
3342,931,789
3343,426,575
3344,846,609
3345,585,915
3346,186,991
3347,383,839
3348,461,789
3349,220,936
3350,345,925
3351,863,938
3352,782,693
3353,336,505
3354,814,917
3355,648,206
3356,174,151
3357,130,376
3358,470,336
3359,921,647
3360,594,291
3361,558,427
3362,623,801
3363,186,892
3364,554,964
3365,319,716
3366,395,171
3367,289,844
3368,627,186
3369,420,530
3370,205,977
3371,719,898
3372,352,955
3373,153,259
3374,813,208
3375,792,785
3376,288,867
3377,354,794
3378,419,174
3379,433,692
3380,886,967
3381,796,809
3382,333,635
3383,762,189
3384,492,826
3385,441,507
3386,682,906
3387,117,186
3388,988,369
3389,470,572
3390,411,662
3391,772,614
3392,837,197
3393,688,365
3394,436,864
3395,985,499
3396,240,268
3397,566,264
3398,154,541
3399,296,226
3400,967,229
3401,779,939
3402,146,902
3403,123,393
3404,929,695
3405,996,960
3406,104,694
3407,279,469
3408,490,934
3409,533,629
3410,741,676
3411,311,154
3412,138,817
3413,241,642
3414,712,683
3415,221,857
3416,632,433
3417,400,484
3418,266,750
3419,503,684
3420,708,955
3421,505,707
3422,662,244
3423,664,555
3424,264,928
3425,251,891
3426,503,828
3427,482,998
3428,881,460
3429,105,627
3430,889,934
3431,330,632
3432,914,192
3433,723,367
3434,757,441
3435,810,468
3436,921,541
3437,633,356
3438,555,379
3439,449,325
3440,442,214
3441,201,508
3442,641,756
3443,574,816
3444,601,764
3445,390,958
3446,116,483
3447,723,975
3448,991,775
3449,353,975
3450,311,436
3451,326,703
3452,398,356
3453,184,817
3454,629,263
3455,527,886
3456,629,478
3457,299,651
3458,613,908
3459,232,762
3460,384,141
3461,907,625
3462,841,186
3463,725,159
3464,437,230
3465,361,197
3466,374,263
3467,233,107
3468,391,358
3469,884,680
3470,689,823
3471,590,604
3472,202,272
3473,712,385
3474,671,485
3475,323,179
3476,186,176
3477,496,127
3478,137,607
3479,356,471
3480,336,855
3481,245,709
3482,219,452
3483,403,941
3484,607,105
3485,486,540
3486,179,486
3487,578,505
3488,472,692
3489,506,393
3490,591,358
3491,725,802
3492,361,560
3493,357,173
3494,306,430
3495,568,137
3496,659,591
3497,213,849
3498,220,273
3499,352,159
3500,671,180
3501,167,842
3502,131,580
3503,856,164
3504,964,835
3505,763,662
3506,334,329
3507,718,135
3508,488,709
3509,998,626
3510,659,120
3511,872,256
3512,314,854
3513,530,376
3514,374,696
3515,685,183
3516,472,372
3517,614,757
3518,866,589
3519,978,337
3520,995,697
3521,921,187
3522,803,279
3523,678,173
3524,934,222
3525,660,137
3526,696,718
3527,623,307
3528,485,368
3529,182,891
3530,457,871
3531,802,667
3532,577,541
3533,274,960
3534,583,818
3535,883,690
3536,560,739
3537,684,941
3538,896,883
3539,254,152
3540,217,677
3541,558,667
3542,179,552
3543,920,459
3544,142,710
3545,383,149
3546,581,958
3547,496,177
3548,934,103
3549,654,756
3550,654,705
3551,902,859
3552,874,776
3553,353,183
3554,415,583
3555,939,495
3556,659,473
3557,869,704
3558,834,778
3559,724,935
3560,879,111
3561,180,322
3562,411,423
3563,923,409
3564,764,110
3565,306,533
3566,448,852
3567,226,130
3568,944,217
3569,963,739
3570,764,780
3571,997,803
3572,452,579
3573,808,906
3574,561,605
3575,739,422
3576,621,167
3577,819,812
3578,382,867
3579,170,968
3580,156,981
3581,884,702
3582,588,917
3583,822,924
3584,677,965
3585,517,712
3586,708,628
3587,437,767
3588,538,290
3589,637,177
3590,316,694
3591,292,747
3592,353,712
3593,864,971
3594,768,416
3595,401,653
3596,622,967
3597,486,604
3598,632,674
3599,955,727
3600,834,692
3601,773,236
3602,262,235
3603,978,109
3604,531,678
3605,737,850
3606,342,532
3607,352,546
3608,557,178
3609,422,616
3610,543,306
3611,143,401
3612,644,850
3613,261,575
3614,295,517
3615,306,711
3616,111,321
3617,184,328
3618,654,581
3619,522,967
3620,605,995
3621,962,581
3622,442,993
3623,383,702
3624,847,489
3625,432,517
3626,150,895
3627,533,187
3628,901,798
3629,722,169
3630,326,291
3631,374,868
3632,408,120
3633,599,724
3634,655,520
3635,698,822
3636,475,617
3637,775,487
3638,114,510
3639,651,223
3640,976,335
3641,127,653
3642,688,627
3643,179,603
3644,591,597
3645,319,850
3646,587,936
3647,991,761
3648,200,426
3649,148,783
3650,124,600
3651,717,465
3652,104,373
3653,774,375
3654,239,235
3655,489,863
3656,658,406
3657,334,827
3658,681,487
3659,244,813
3660,534,622
3661,815,770
3662,843,332
3663,752,572
3664,624,329
3665,580,609
3666,742,967
3667,293,508
3668,553,450
3669,339,212
3670,494,858
3671,630,213
3672,381,826
3673,619,207
3674,809,778
3675,163,726
3676,259,725
3677,685,448
3678,809,257
3679,834,912
3680,200,284
3681,524,596
3682,604,142
3683,364,651
3684,405,525
3685,597,251
3686,413,464
3687,844,237
3688,789,811
3689,453,133
3690,631,912
3691,712,942
3692,292,904
3693,964,703
3694,581,440
3695,725,698
3696,903,948
3697,324,709
3698,186,767
3699,778,241
3700,472,128
3701,294,225
3702,545,440
3703,999,818
3704,927,248
3705,588,192
3706,497,694
3707,987,969
3708,709,871
3709,291,645
3710,135,865
3711,188,326
3712,300,169
3713,206,149
3714,420,974
3715,223,489
3716,816,938
3717,560,228
3718,816,408
3719,826,727
3720,890,384
3721,649,960
3722,156,533
3723,784,515
3724,298,916
3725,720,827
3726,968,388
3727,613,396
3728,460,476
3729,762,676
3730,559,322
3731,786,242
3732,457,764
3733,901,846
3734,773,188
3735,858,890
3736,917,552
3737,648,387
3738,972,242
3739,145,318
3740,210,901
3741,376,471
3742,419,845
3743,649,662
3744,151,570
3745,944,319
3746,128,101
3747,694,314
3748,887,823
3749,365,470
3750,852,366
3751,596,430
3752,791,982
3753,139,749
3754,482,179
3755,670,831
3756,871,910
3757,335,859
3758,844,264
3759,973,362
3760,327,920
3761,579,756
3762,653,494
3763,876,735
3764,902,292
3765,917,355
3766,546,872
3767,927,699
3768,248,225
3769,991,121
3770,431,538
3771,987,452
3772,487,840
3773,852,541
3774,627,601
3775,761,301
3776,992,451
3777,837,441
3778,835,682
3779,203,845
3780,524,542
3781,392,628
3782,621,928
3783,835,309
3784,212,634
3785,269,200
3786,125,534
3787,772,999
3788,340,548
3789,824,271
3790,168,117
3791,243,991
3792,736,609
3793,106,462
3794,195,466
3795,698,819
3796,926,314
3797,661,628
3798,521,794
3799,727,673
3800,468,247
3801,136,163
3802,920,210
3803,297,723
3804,985,450
3805,754,552
3806,158,514
3807,143,177
3808,645,693
3809,324,637
3810,340,788
3811,398,952
3812,350,378
3813,500,525
3814,350,692
3815,118,983
3816,304,760
3817,700,838
3818,977,717
3819,807,978
3820,698,959
3821,742,515
3822,447,236
3823,873,401
3824,662,511
3825,244,727
3826,767,653
3827,588,530
3828,874,199
3829,696,528
3830,575,869
3831,637,555
3832,878,301
3833,386,797
3834,526,867
3835,672,137
3836,325,668
3837,994,157
3838,602,201
3839,380,804
3840,464,108
3841,894,450
3842,229,321
3843,331,222
3844,279,100
3845,906,989
3846,285,593
3847,104,165
3848,317,203
3849,356,874
3850,955,704
3851,346,984
3852,541,778
3853,788,835
3854,464,983
3855,118,202
3856,698,441
3857,385,970
3858,413,997
3859,157,985
3860,496,458
3861,747,479
3862,636,187
3863,868,516
3864,115,544
3865,481,219
3866,916,518
3867,948,614
3868,416,280
3869,864,978
3870,194,662
3871,432,249
3872,653,281
3873,215,314
3874,825,278
3875,467,494
3876,362,361
3877,432,921
3878,776,531
3879,712,667
3880,431,348
3881,130,278
3882,617,647
3883,901,722
3884,710,668
3885,263,703
3886,193,205
3887,859,421
3888,460,581
3889,574,906
3890,509,746
3891,336,352
3892,698,882
3893,474,352
3894,837,947
3895,486,284
3896,468,459
3897,178,516
3898,409,322
3899,908,287
3900,577,451
3901,775,370
3902,820,531
3903,773,248
3904,780,846
3905,178,397
3906,101,776
3907,982,835
3908,997,618
3909,675,647
3910,434,208
3911,503,967
3912,243,334
3913,539,239
3914,536,700
3915,297,526
3916,105,303
3917,458,521
3918,340,966
3919,219,440
3920,568,711
3921,548,193
3922,981,538
3923,837,139
3924,168,976
3925,323,835
3926,652,713
3927,204,188
3928,906,625
3929,453,973
3930,794,454
3931,158,239
3932,183,366
3933,842,579
3934,194,847
3935,624,184
3936,550,481
3937,465,282
3938,414,449
3939,132,277
3940,215,813
3941,794,362
3942,157,569
3943,245,170
3944,763,345
3945,276,289
3946,364,913
3947,354,921
3948,663,683
3949,525,663
3950,831,925
3951,672,407
3952,497,128
3953,174,961
3954,348,167
3955,386,560
3956,282,467
3957,614,635
3958,370,348
3959,929,310
3960,394,410
3961,247,993
3962,410,109
3963,772,480
3964,992,285
3965,721,432
3966,596,430
3967,601,999
3968,838,137
3969,794,584
3970,459,502
3971,513,578
3972,331,556
3973,727,258
3974,447,831
3975,717,212
3976,576,292
3977,467,682
3978,653,241
3979,982,392
3980,944,202
3981,846,484
3982,202,261
3983,776,930
3984,529,952
3985,792,505
3986,977,175
3987,665,547
3988,806,612
3989,109,640
3990,674,975
3991,937,962
3992,665,960
3993,976,988
3994,891,746
3995,662,770
3996,841,795
3997,111,552
3998,930,536
3999,150,878
4000,417,406
4001,186,797
4002,497,993
4003,346,278
4004,546,946
4005,617,928
4006,229,424
4007,487,182
4008,330,508
4009,895,861
4010,158,305
4011,292,420
4012,713,721
4013,121,386
4014,449,532
4015,199,965
4016,435,861
4017,381,111
4018,702,608
4019,766,956
4020,348,841
4021,516,742
4022,952,513
4023,132,970
4024,295,600
4025,612,382
4026,417,673
4027,514,561
4028,798,466
4029,933,458
4030,109,365
4031,832,458
4032,350,909
4033,846,757
4034,802,199
4035,560,878
4036,782,436
4037,800,547
4038,894,341
4039,528,989
4040,794,822
4041,919,842
4042,731,741
4043,723,328
4044,985,474
4045,173,422
4046,684,125
4047,547,304
4048,288,344
4049,322,130
4050,130,787
4051,552,203
4052,359,552
4053,816,385
4054,540,578
4055,281,390
4056,262,765
4057,322,241
4058,177,312
4059,326,236
4060,595,893
4061,861,869
4062,627,996
4063,640,124
4064,459,219
4065,129,386
4066,740,870
4067,481,398
4068,883,246
4069,185,696
4070,992,452
4071,696,414
4072,162,715
4073,505,453
4074,579,127
4075,377,531
4076,243,433
4077,858,549
4078,499,711
4079,601,605
4080,909,162
4081,396,684
4082,116,649
4083,506,554
4084,316,471
4085,669,262
4086,648,595
4087,738,895
4088,578,792
4089,417,496
4090,364,703
4091,553,714
4092,671,308
4093,109,787
4094,545,523
4095,522,552
4096,534,578
4097,466,982
4098,238,695
4099,117,462
4100,366,350
4101,152,927
4102,158,490
4103,131,306
4104,697,791
4105,276,390
4106,720,464
4107,990,429
4108,225,241
4109,211,823
4110,891,145
4111,988,621
4112,711,823
4113,645,570
4114,465,912
4115,463,272
4116,856,250
4117,912,627
4118,391,939
4119,439,310
4120,495,600
4121,324,437
4122,475,930
4123,235,262
4124,394,946
4125,982,343
4126,895,577
4127,909,453
4128,762,131
4129,798,711
4130,543,250
4131,884,210
4132,342,738
4133,569,183
4134,303,907
4135,964,492
4136,459,964
4137,715,219
4138,538,853
4139,501,155
4140,505,461
4141,667,196
4142,870,436
4143,296,769
4144,954,906
4145,199,122
4146,504,877
4147,539,770
4148,403,366
4149,336,681
4150,500,550
4151,889,348
4152,878,133
4153,903,386
4154,924,964
4155,610,549
4156,547,344
4157,684,906
4158,905,763
4159,756,436
4160,923,829
4161,149,725
4162,520,420
4163,732,333
4164,945,183
4165,190,212
4166,358,994
4167,468,182
4168,593,797
4169,520,960
4170,873,513
4171,232,125
4172,124,428
4173,470,212
4174,186,264
4175,796,702
4176,309,613
4177,927,160
4178,620,668
4179,112,195
4180,183,741
4181,589,644
4182,148,973
4183,541,945
4184,615,123
4185,349,669
4186,289,528
4187,114,128
4188,651,963
4189,853,973
4190,760,334
4191,528,168
4192,168,497
4193,107,136
4194,483,274
4195,906,110
4196,242,657
4197,892,724
4198,357,461
4199,265,822
4200,144,575
4201,278,302
4202,284,918
4203,927,116
4204,246,817
4205,130,335
4206,294,557
4207,370,474
4208,167,601
4209,159,935
4210,844,250
4211,518,337
4212,865,886
4213,821,861
4214,889,206
4215,273,770
4216,771,104
4217,248,468
4218,776,729
4219,453,130
4220,484,444
4221,856,262
4222,508,715
4223,244,453
4224,599,824
4225,719,453
4226,546,316
4227,955,319
4228,150,423
4229,176,903
4230,664,312
4231,108,689
4232,765,303
4233,633,450
4234,187,468
4235,549,163
4236,759,142
4237,559,448
4238,766,396
4239,377,338
4240,752,298
4241,421,856
4242,492,676
4243,965,585
4244,857,748
4245,849,483
4246,576,587
4247,184,515
4248,925,495
4249,410,136
4250,388,800
4251,324,579
4252,312,227
4253,825,283
4254,502,811
4255,987,236
4256,640,732
4257,887,136
4258,465,743
4259,796,562
4260,555,543
4261,320,868
4262,244,394
4263,488,423
4264,792,824
4265,919,729
4266,142,237
4267,700,807
4268,615,103
4269,676,927
4270,191,200
4271,854,375
4272,649,662
4273,137,794
4274,461,235
4275,960,583
4276,133,612
4277,316,311
4278,586,985
4279,864,401
4280,954,568
4281,253,747
4282,969,203
4283,563,676
4284,678,208
4285,756,502
4286,517,683
4287,268,897
4288,248,592
4289,236,119
4290,516,780
4291,122,161
4292,566,910
4293,870,842
4294,549,118
4295,476,290
4296,243,962
4297,538,406
4298,619,828
4299,154,762
4300,601,159
4301,212,280
4302,208,104
4303,261,860
4304,706,557
4305,989,431
4306,305,382
4307,562,108
4308,613,694
4309,367,586
4310,975,301
4311,108,522
4312,287,417
4313,273,669
4314,267,242
4315,326,867
4316,535,656
4317,656,953
4318,815,484
4319,989,803
4320,343,845
4321,343,514
4322,841,188
4323,844,877
4324,354,997
4325,645,554
4326,535,766
4327,891,744
4328,556,495
4329,779,929
4330,355,586
4331,781,279
4332,509,328
4333,953,188
4334,800,807
4335,995,722
4336,796,823
4337,551,667
4338,654,874
4339,460,891
4340,775,157
4341,818,936
4342,771,287
4343,751,706
4344,915,115
4345,713,254
4346,933,516
4347,416,524
4348,951,519
4349,113,840
4350,176,181
4351,105,714
4352,966,865
4353,981,948
4354,859,761
4355,165,625
4356,782,687
4357,557,376
4358,715,407
4359,307,397
4360,730,714
4361,114,333
4362,974,697
4363,883,161
4364,710,305
4365,323,281
4366,971,858
4367,779,927
4368,319,206
4369,318,661
4370,229,434
4371,904,716
4372,385,584
4373,395,341
4374,797,123
4375,682,720
4376,288,417
4377,457,580
4378,764,521
4379,564,552
4380,424,682
4381,159,262
4382,307,927
4383,906,584
4384,625,308
4385,979,583
4386,521,964
4387,606,873
4388,957,156
4389,699,189
4390,274,535
4391,267,771
4392,110,380
4393,320,889
4394,514,670
4395,731,744
4396,260,644
4397,610,656
4398,166,666
4399,258,336
4400,814,549
4401,323,330
4402,459,623
4403,131,410
4404,567,872
4405,492,644
4406,623,160
4407,582,350
4408,980,639
4409,495,145
4410,335,160
4411,263,821
4412,320,623
4413,355,353
4414,411,798
4415,469,314
4416,536,734
4417,291,835
4418,367,808
4419,188,612
4420,236,468
4421,617,482
4422,373,262
4423,874,300
4424,332,260
4425,161,311
4426,362,743
4427,663,657
4428,282,382
4429,434,356
4430,913,199
4431,267,401
4432,654,329
4433,518,705
4434,908,588
4435,308,938
4436,550,664
4437,921,629
4438,417,848
4439,462,353
4440,130,276
4441,414,466
4442,978,235
4443,964,800
4444,274,679
4445,228,735
4446,520,911
4447,322,964
4448,231,490
4449,882,851
4450,875,264
4451,336,725
4452,789,560
4453,462,172
4454,892,946
4455,156,997
4456,982,378
4457,447,248
4458,852,779
4459,221,698
4460,845,972
4461,282,595
4462,305,128
4463,396,106
4464,426,825
4465,309,824
4466,190,775
4467,679,254
4468,805,189
4469,909,676
4470,972,956
4471,193,565
4472,192,260
4473,999,495
4474,344,545
4475,704,156
4476,331,663
4477,721,218
4478,158,549
4479,196,969
4480,136,277
4481,396,968
4482,299,544
4483,703,592
4484,681,577
4485,585,551
4486,424,747
4487,998,910
4488,724,590
4489,822,380
4490,368,929
4491,585,768
4492,767,250
4493,765,734
4494,435,461
4495,792,142
4496,562,180
4497,365,615
4498,898,379
4499,502,328
